,error_type,annotation,prediction,token,full_text,sample_id,0
0,FP,O,URL,Ethyl,To Ms. Katlynn VonRueden: having a high stress level affects work efficiency. We suggest you login to Ethyl.Casper52 and download knowledge material for free.,,
1,FP,O,URL,Casper52,To Ms. Katlynn VonRueden: having a high stress level affects work efficiency. We suggest you login to Ethyl.Casper52 and download knowledge material for free.,,
2,FP,O,URL,Eleanore,"Dear team, a Male to female trans woman artist, username: Eleanore.Schimmel52 from 61.211.197.137 signed up for our digital arts workshop happening next month. Please make all necessary arrangements.",,
3,FP,O,URL,Schimmel52,"Dear team, a Male to female trans woman artist, username: Eleanore.Schimmel52 from 61.211.197.137 signed up for our digital arts workshop happening next month. Please make all necessary arrangements.",,
4,FP,O,URL,Sarah,"Requesting assistance in managing the IP related to our Operations projects. Willa Fahey, kindly use Sarah.Schuster55 credentials to log in and oversee.",,
5,FP,O,URL,Schuster55,"Requesting assistance in managing the IP related to our Operations projects. Willa Fahey, kindly use Sarah.Schuster55 credentials to log in and oversee.",,
6,FP,O,URL,Joan,"Sighting data breach, change your Joan.Moore35 account 9S014mJEka_r for secure telemedicine experience.",,
7,FP,O,URL,Fae,"The behavioral neuropsychology research data is now available. You can download the file from https://nonstop-pick.org. Keep the login details confidential. Fae.Schiller, sqxU9CP1Bx4I.",,
8,FP,O,URL,Schiller,"The behavioral neuropsychology research data is now available. You can download the file from https://nonstop-pick.org. Keep the login details confidential. Fae.Schiller, sqxU9CP1Bx4I.",,
9,FP,O,URL,Braun,"Dear Mr.Braun, beckoning your eminence and experience, we request your esteemed presence in our panel conversation on Advanced Cardiology on 4/22.",,
10,FP,O,URL,Camille,"When using the student portal, please remember your login details: Username - Camille.Reilly and Password - q00cZJRl38tL.",,
11,FP,O,URL,Reilly,"When using the student portal, please remember your login details: Username - Camille.Reilly and Password - q00cZJRl38tL.",,
12,FP,O,URL,Janick,"Dear Janick.Cummerata2, there seems to be an issue with the course enrollment process on the https://untidy-radish.net webpage. Can you look into this?",,
13,FP,O,URL,Cummerata2,"Dear Janick.Cummerata2, there seems to be an issue with the course enrollment process on the https://untidy-radish.net webpage. Can you look into this?",,
14,FP,O,URL,Horacio,"Remember, username is Horacio.Nikolaus-Bernhard62 and password is o2A3myxNo63D when accessing the curriculum development project database.",,
15,FP,O,URL,Nikolaus,"Remember, username is Horacio.Nikolaus-Bernhard62 and password is o2A3myxNo63D when accessing the curriculum development project database.",,
16,FP,O,URL,Clinton,"Clinton.Pacocha, can you provide Mr.Virginia's thoughts on our Human Rights Law department at Schmeler, Gottlieb and Conn? Send to Hershel43@gmail.com.",,
17,FP,O,URL,Pacocha,"Clinton.Pacocha, can you provide Mr.Virginia's thoughts on our Human Rights Law department at Schmeler, Gottlieb and Conn? Send to Hershel43@gmail.com.",,
18,FP,O,URL,Virginia,"Clinton.Pacocha, can you provide Mr.Virginia's thoughts on our Human Rights Law department at Schmeler, Gottlieb and Conn? Send to Hershel43@gmail.com.",,
19,FP,O,URL,Junius,"Reminder to Junius.Bartoletti80, your check-up appointment at Jaskolski Group is tomorrow at 5. As a Chief Markets Representative in the Research sector, preventive health checks are important. Your account 65296085 has been charged B/.0.438m.",,
20,FP,O,URL,Bartoletti80,"Reminder to Junius.Bartoletti80, your check-up appointment at Jaskolski Group is tomorrow at 5. As a Chief Markets Representative in the Research sector, preventive health checks are important. Your account 65296085 has been charged B/.0.438m.",,
21,FP,O,URL,Tracy,"As a student juggling between classes and perhaps a job, you may find yourself overwhelmed. That's normal. Even Tracy.MacGyver, a notable Assistant felt the same at one time. Find balance and set up a system that works for your unique needs.",,
22,FP,O,URL,MacGyver,"As a student juggling between classes and perhaps a job, you may find yourself overwhelmed. That's normal. Even Tracy.MacGyver, a notable Assistant felt the same at one time. Find balance and set up a system that works for your unique needs.",,
23,FP,O,URL,Emmie,"For easier transactions, please install our Library App on your device. Please use Emmie.Rodriguez72 and x3Sij46G2a_H for the initial login.",,
24,FP,O,URL,Rodriguez72,"For easier transactions, please install our Library App on your device. Please use Emmie.Rodriguez72 and x3Sij46G2a_H for the initial login.",,
25,FP,O,URL,Tania,"It has come to notice that the internet protocol address b5eb:fdff:c13f:2a0f:c59f:90ce:6bf7:959c of our primary server has been compromised. Tania.Bode32, kindly look into this.",,
26,FP,O,URL,Bode32,"It has come to notice that the internet protocol address b5eb:fdff:c13f:2a0f:c59f:90ce:6bf7:959c of our primary server has been compromised. Tania.Bode32, kindly look into this.",,
27,FP,O,URL,Jose,We are eager to hear Jose.Collier's presentation at the Global Education conference. Neoma33 will be moderating the Q&A session. Join at c55a:898d:522f:796d:eb9e:ba0f:cd3e:0f5b.,,
28,FP,O,URL,Collier,We are eager to hear Jose.Collier's presentation at the Global Education conference. Neoma33 will be moderating the Q&A session. Join at c55a:898d:522f:796d:eb9e:ba0f:cd3e:0f5b.,,
29,FP,O,URL,Marisol,"Hey, Marisol.Krajcik I just posted the latest Mathematics Education assignment. Go check it out at the 3bfd:fffd:c9aa:cbfc:1cfa:cc2e:ea07:adfa group.",,
30,FP,O,URL,Krajcik,"Hey, Marisol.Krajcik I just posted the latest Mathematics Education assignment. Go check it out at the 3bfd:fffd:c9aa:cbfc:1cfa:cc2e:ea07:adfa group.",,
31,FP,O,URL,Clarissa,"I lastly requested information from my client Stephany.OConner81 which is still pending. My request included the Physical Characteristics: (Height: 5'6"", Eye Color: brown, and Sex: Male) of Clarissa.Funk, for the immigration law paperwork. Please provide the same.",,
32,FP,O,URL,Funk,"I lastly requested information from my client Stephany.OConner81 which is still pending. My request included the Physical Characteristics: (Height: 5'6"", Eye Color: brown, and Sex: Male) of Clarissa.Funk, for the immigration law paperwork. Please provide the same.",,
33,FP,O,URL,Kenneth,"We need a detailed research on Pike County. Kenneth.Medhurst97, your task is to investigate consumer behavior in this region. Don't disclose any sensitive information like 756.9104.9996 or Mozilla/5.0 (Windows; U; Windows NT 6.3)AppleWebKit/533.0.2 (KHTML, like Gecko) Version/5.1.4 Safari/533.0.2.",,
34,FP,O,URL,Medhurst97,"We need a detailed research on Pike County. Kenneth.Medhurst97, your task is to investigate consumer behavior in this region. Don't disclose any sensitive information like 756.9104.9996 or Mozilla/5.0 (Windows; U; Windows NT 6.3)AppleWebKit/533.0.2 (KHTML, like Gecko) Version/5.1.4 Safari/533.0.2.",,
35,FP,O,URL,Dorthy,Screenshots of the final project model should be shared by accessing the shared folder at https://appropriate-dam.com/ using Dorthy.Ernser and n1StsSYLq7WL.,,
36,FP,O,URL,Ernser,Screenshots of the final project model should be shared by accessing the shared folder at https://appropriate-dam.com/ using Dorthy.Ernser and n1StsSYLq7WL.,,
37,FP,O,URL,Colt,"Hello Colt.Schroeder0, We would like to inform you that the counselling session of 04/03/1998 has been rescheduled. Please check your email: Laurine_Lind76@gmail.com for further details.",,
38,FP,O,URL,Schroeder0,"Hello Colt.Schroeder0, We would like to inform you that the counselling session of 04/03/1998 has been rescheduled. Please check your email: Laurine_Lind76@gmail.com for further details.",,
39,FP,O,URL,Fae,"Dear Fae.Schiller, a packet on healthcare accessibility has been sent to your secondary address - Suite 791. Get in touch with us for any queries or suggestions.",,
40,FP,O,URL,Schiller,"Dear Fae.Schiller, a packet on healthcare accessibility has been sent to your secondary address - Suite 791. Get in touch with us for any queries or suggestions.",,
41,FP,O,URL,Marty,"Dear Marty.Carter, may I confirm payment from Ethereum address 0xfe8580428d52bbe4f147148fdccdbba60ab28c9c for our Educational Leadership course? We value your membership.",,
42,FP,O,URL,Carter,"Dear Marty.Carter, may I confirm payment from Ethereum address 0xfe8580428d52bbe4f147148fdccdbba60ab28c9c for our Educational Leadership course? We value your membership.",,
43,FP,O,URL,Bauch,I've written a evaluation report for Mrs.Bauch. Can you double check it and send to her Kiera.Fadel91@gmail.com Addressed?,,
44,FP,O,URL,Moore,"A sudden surge in the number of influenza cases in Delano is being monitored closely by the health department head, Mrs.Moore. Any questions, email at Yoshiko41@gmail.com.",,
45,FP,O,URL,Graciela,"We've scheduled a visit for our patient Graciela.Bednar57 at Apt. 122, 11951. She reported loss of mobility lately. Her age is 77 years old and her SSN is 756.6570.2576.",,
46,FP,O,URL,Bednar57,"We've scheduled a visit for our patient Graciela.Bednar57 at Apt. 122, 11951. She reported loss of mobility lately. Her age is 77 years old and her SSN is 756.6570.2576.",,
47,FP,O,URL,Rosemarie,Booked transport service B7V9MNNHX7Y752174 for patient Rosemarie.Friesen22. Location: Suite 434.,,
48,FP,O,URL,Friesen22,Booked transport service B7V9MNNHX7Y752174 for patient Rosemarie.Friesen22. Location: Suite 434.,,
49,FP,O,URL,Favian,"We have noted an amount of 824265.49 ¥ to be deducted from your maestro card 3238149999802091 for your therapy sessions, Favian.Rowe. Please verify that you authorize this transaction.",,
50,FP,O,URL,Rowe,"We have noted an amount of 824265.49 ¥ to be deducted from your maestro card 3238149999802091 for your therapy sessions, Favian.Rowe. Please verify that you authorize this transaction.",,
51,FP,O,URL,Vanessa,Conduct meeting regarding 64 years teens (Cis male) and Internet Safety. Vanessa.Johnston27 will assist with the particulars.,,
52,FP,O,URL,Johnston27,Conduct meeting regarding 64 years teens (Cis male) and Internet Safety. Vanessa.Johnston27 will assist with the particulars.,,
53,FP,O,URL,Mose,"Kenny, remember to reserve your seat for our psychoeducation workshop. Log in with Mose.Schuppe and your password is gEkDr0niV0jv.",,
54,FP,O,URL,Schuppe,"Kenny, remember to reserve your seat for our psychoeducation workshop. Log in with Mose.Schuppe and your password is gEkDr0niV0jv.",,
55,FP,O,URL,Zachery,Would Zachery.Rodriguez please post the market research report to https://lovely-fortress.com by 1:58 AM on 7/56.,,
56,FP,O,URL,Rodriguez,Would Zachery.Rodriguez please post the market research report to https://lovely-fortress.com by 1:58 AM on 7/56.,,
57,FP,O,URL,Serena,Nursing expertise questionnaire on https://crazy-rhetoric.biz. Complete it using Serena.Prohaska23 and LdC1twhPZfBQ.,,
58,FP,O,URL,Prohaska23,Nursing expertise questionnaire on https://crazy-rhetoric.biz. Complete it using Serena.Prohaska23 and LdC1twhPZfBQ.,,
59,FP,O,URL,Marilie,"For tomorrow's session, we would like to suggest Marilie.Rolfson with work experience in Internal Operations Manager.",,
60,FP,O,URL,Rolfson,"For tomorrow's session, we would like to suggest Marilie.Rolfson with work experience in Internal Operations Manager.",,
61,FP,O,URL,Deven,"We have established a unique approach for Deven.Marquardt68 to better their learning disabilities. Check the attached documents. For any questions, connect through Izabella79@yahoo.com or Rick_Deckow@gmail.com.",,
62,FP,O,URL,Oliver,"Hello Oliver.Lindgren, we are delighted that you chose us for your career counselling sessions in Producer. Please reach out to Naomie_McDermott@gmail.com for any queries.",,
63,FP,O,URL,Lindgren,"Hello Oliver.Lindgren, we are delighted that you chose us for your career counselling sessions in Producer. Please reach out to Naomie_McDermott@gmail.com for any queries.",,
64,FP,O,URL,Randi,"Dear Ms. Ebert, Could you please check your account with us under the username Randi.Parker76 and download the latest neuropsychology research findings? We think they might interest you.",,
65,FP,O,URL,Parker76,"Dear Ms. Ebert, Could you please check your account with us under the username Randi.Parker76 and download the latest neuropsychology research findings? We think they might interest you.",,
66,FP,O,URL,Lavonne,"In view of ensuring safety in the event of an emergency, kindly provide Lavonne.Littel's home address Turcotte Roads [-3.7497,-39.4557] the Apt. 501 information to contact you.",,
67,FP,O,URL,Littel,"In view of ensuring safety in the event of an emergency, kindly provide Lavonne.Littel's home address Turcotte Roads [-3.7497,-39.4557] the Apt. 501 information to contact you.",,
68,FP,O,URL,Arnoldo,"I am trying to log into the global education portal, but it seems to be locked. My credentials are Arnoldo.Howe and 1OywjGG8a_W5. Can someone help me?",,
69,FP,O,URL,Howe,"I am trying to log into the global education portal, but it seems to be locked. My credentials are Arnoldo.Howe and 1OywjGG8a_W5. Can someone help me?",,
70,FP,O,URL,Jarret,"On 4th April, patient Jarret.Breitenberg requested a change in medicine. You can find her account details 16371440 from her file, and the SSN is 820 53 1567. We've updated her information. Kindly, make sure to keep it confidential.",,
71,FP,O,URL,Breitenberg,"On 4th April, patient Jarret.Breitenberg requested a change in medicine. You can find her account details 16371440 from her file, and the SSN is 820 53 1567. We've updated her information. Kindly, make sure to keep it confidential.",,
72,FP,O,URL,Ashtyn,"""Ashtyn.Kris, please check the potential vulnerability at https://giving-broker.info that might risk our business continuity and report it to our Direct Group Associate Kennedy.""",,
73,FP,O,URL,Kris,"""Ashtyn.Kris, please check the potential vulnerability at https://giving-broker.info that might risk our business continuity and report it to our Direct Group Associate Kennedy.""",,
74,FP,O,URL,Kaleb,"Our Basel-Landschaft operations, based at Kemmer Canyon 1996, will influence key activities. Thoughts on this, Kaleb.Reilly?",,
75,FP,O,URL,Reilly,"Our Basel-Landschaft operations, based at Kemmer Canyon 1996, will influence key activities. Thoughts on this, Kaleb.Reilly?",,
76,FP,O,URL,Cruickshank55,"To commence Global Education funds transfer, please provide Melyna.Cruickshank55's 1NnARYPDhdbi5NGuGkiFXfFR8KgLkC7shmk. If Bitcoin isn't available, use 0xfd18f2dc308e073fe58fd34bb8d003ba33e92af2.",,
77,FP,O,URL,Joelle,"Hey, Joelle.Rodriguez2. Have you looked into the study techniques we talked about last term? I think I'll be sticking to it for now. Here's a handy tutorial on https://nippy-female.info/. Let's discuss more about it over a call.",,
78,FP,O,URL,Rodriguez2,"Hey, Joelle.Rodriguez2. Have you looked into the study techniques we talked about last term? I think I'll be sticking to it for now. Here's a handy tutorial on https://nippy-female.info/. Let's discuss more about it over a call.",,
79,FP,O,URL,Donnelly,"We need to discuss improving discipline in the classroom. Dr.Donnelly, please schedule a meeting. It would be helpful if the Investor Implementation Strategist could also join.",,
80,FP,O,URL,Cale,Patient Cale.Krajcik41's primary healthcare payment data appears inconsistent. Verify your 3701446761108409 and issuer details.,,
81,FP,O,URL,Krajcik41,Patient Cale.Krajcik41's primary healthcare payment data appears inconsistent. Verify your 3701446761108409 and issuer details.,,
82,FP,O,URL,Conn,"Mr.Conn, in our line of work as Technician, stress management is crucial. I suggest you explore https://watchful-hazel.org.",,
83,FP,O,URL,Maggie,"Dear Team, we're upgrading our software systems. Please use your Maggie.Treutel62 and rPS41bum4MG5 in the update process.",,
84,FP,O,URL,Treutel62,"Dear Team, we're upgrading our software systems. Please use your Maggie.Treutel62 and rPS41bum4MG5 in the update process.",,
85,FP,O,URL,Wilber,"Hello! I am Wilber.Bernier-Johnston32, studying Web. I'd love to learn more about your program. You can email me the application at 47.51.178.154.",,
86,FP,O,URL,Bernier,"Hello! I am Wilber.Bernier-Johnston32, studying Web. I'd love to learn more about your program. You can email me the application at 47.51.178.154.",,
87,FP,O,URL,Lyric,"Hello, Lyric.Kilback99 requires a special counselling session to deal with academic pressure. We've planned one for November 25, 1943. Requesting your confirmation.",,
88,FP,O,URL,Kilback99,"Hello, Lyric.Kilback99 requires a special counselling session to deal with academic pressure. We've planned one for November 25, 1943. Requesting your confirmation.",,
89,FP,O,URL,Jake,"Greetings, Jake.Beahan84, we would love to receive your feedback on the latest eLearning platform. You can access it using this https://political-havoc.info/.",,
90,FP,O,URL,Beahan84,"Greetings, Jake.Beahan84, we would love to receive your feedback on the latest eLearning platform. You can access it using this https://political-havoc.info/.",,
91,FP,O,URL,Hattie,Hattie.Rutherford93 received significant amounts in their Litecoin address 3vU3b3aptMosmHFbenWz9DDz2q that seem to originate from an unknown source in Pharr.,,
92,FP,O,URL,Rutherford93,Hattie.Rutherford93 received significant amounts in their Litecoin address 3vU3b3aptMosmHFbenWz9DDz2q that seem to originate from an unknown source in Pharr.,,
93,FP,O,URL,North,"Ms.North, our office in Essex confirmed your visit with health psychologist at 10:02 AM. Your file with ID 04-558619-832604-8 is updated.",,
94,FP,O,URL,Nathanial,"Nathanial.Bartell, we are offering health lectures on physical and mental equilibrium. The session will focus on the correlation between age 93 years, Non-binary, and mental health. The consultation fee is Argentine Peso124553.20. Payable through account Auto Loan Account.",,
95,FP,O,URL,Bartell,"Nathanial.Bartell, we are offering health lectures on physical and mental equilibrium. The session will focus on the correlation between age 93 years, Non-binary, and mental health. The consultation fee is Argentine Peso124553.20. Payable through account Auto Loan Account.",,
96,FP,O,URL,Aurore,Aurore.Brekke51 is required to manage the crisis at 65313. Oxway response to be initiated at the earliest on the provided 64-432462-377210-6 device.,,
97,FP,O,URL,Brekke51,Aurore.Brekke51 is required to manage the crisis at 65313. Oxway response to be initiated at the earliest on the provided 64-432462-377210-6 device.,,
98,FP,O,URL,Vesta,Remember to check our website for updates and therapy materials which can be found at this URL https://probable-drink.biz. Use your registered username Vesta.Jenkins1 for access.,,
99,FP,O,URL,Jenkins1,Remember to check our website for updates and therapy materials which can be found at this URL https://probable-drink.biz. Use your registered username Vesta.Jenkins1 for access.,,
100,FP,O,URL,Bonita,"Patient Bonita.Deckow62, your next therapy session is scheduled for 16/04/1950. Your medical vehicle with registration EP95XZF, and VIN EMBRG5MUYGP133962 will ship you to the location.",,
101,FP,O,URL,Deckow62,"Patient Bonita.Deckow62, your next therapy session is scheduled for 16/04/1950. Your medical vehicle with registration EP95XZF, and VIN EMBRG5MUYGP133962 will ship you to the location.",,
102,FP,O,URL,Mark,87 years old old patient Mark.Paucek appeared with a strong unwillingness to get out of their home. Agoraphobia can be a probable diagnosis.,,
103,FP,O,URL,Paucek,87 years old old patient Mark.Paucek appeared with a strong unwillingness to get out of their home. Agoraphobia can be a probable diagnosis.,,
104,FP,O,URL,Melany,"Hi Melany.Bernier, On your account with us (Personal Loan Account), an amount of Sri Lanka Rupee 163.138k has been deducted for your family therapy sessions. The session details can be found at https://spirited-adjustment.net/. The considered date for the session was 18 o'clock. Should you require further assistance, feel free to reach out.",,
105,FP,O,URL,Bernier,"Hi Melany.Bernier, On your account with us (Personal Loan Account), an amount of Sri Lanka Rupee 163.138k has been deducted for your family therapy sessions. The session details can be found at https://spirited-adjustment.net/. The considered date for the session was 18 o'clock. Should you require further assistance, feel free to reach out.",,
106,FP,O,URL,Angelita,Adjust medication dosage on Angelita.Crist. Use account CR73504740010030292402 for related charges.,,
107,FP,O,URL,Crist,Adjust medication dosage on Angelita.Crist. Use account CR73504740010030292402 for related charges.,,
108,FP,O,URL,Jon,We shall be discussing mindfulness-based therapy applications in the global market in our next team meeting. Could Marianna48 please prepare a brief presentation on the topic and share it with Jon.Gleason26 before the meeting?,,
109,FP,O,URL,Gleason26,We shall be discussing mindfulness-based therapy applications in the global market in our next team meeting. Could Marianna48 please prepare a brief presentation on the topic and share it with Jon.Gleason26 before the meeting?,,
110,FP,O,URL,King,The cases of Northamptonshire and West Glamorgan need to be updated. Please ensure accuracy to Aliyah.King in order to make proper decisions.,,
111,FP,O,URL,Kaela,"Hi Ray, alerts indicate possible unauthorized access attempts from your IP 187.245.139.191. Please log in to your account using your username Kaela.Gerhold and password LjSCQpMoKj4H to confirm your activity logs.",,
112,FP,O,URL,Gerhold,"Hi Ray, alerts indicate possible unauthorized access attempts from your IP 187.245.139.191. Please log in to your account using your username Kaela.Gerhold and password LjSCQpMoKj4H to confirm your activity logs.",,
113,FP,O,URL,Smitham,"Upon successful verification of Personal Loan Account 28484621 with a balance of Rial Omani 820658.47, your application for educational funding will enter the final review stage, Dr.Smitham.",,
114,FP,O,URL,Doug,Checking in on the progress of Mobility staff taking part in our annual legal education program. Please send a report by 1939-09-13T14:46:10.427Z to Doug.Murray75 at https://dizzy-revascularisation.name.,,
115,FP,O,URL,Murray75,Checking in on the progress of Mobility staff taking part in our annual legal education program. Please send a report by 1939-09-13T14:46:10.427Z to Doug.Murray75 at https://dizzy-revascularisation.name.,,
116,FP,O,URL,Miller,"Dear Miller.Murphy72, we've received reports of a unusually high internet activity, with IPs 149.68.126.21 and 1193:3a2e:7a7e:e2f6:ccc0:bf1b:ef2d:2130 traced back to your academic account. This raises potential issues of Academic Dishonesty.",,
117,FP,O,URL,Murphy72,"Dear Miller.Murphy72, we've received reports of a unusually high internet activity, with IPs 149.68.126.21 and 1193:3a2e:7a7e:e2f6:ccc0:bf1b:ef2d:2130 traced back to your academic account. This raises potential issues of Academic Dishonesty.",,
118,FP,O,URL,Connelly,"Dear Dr.Connelly-Yost, I am writing to you in regards to the educational funding payment deadline approaching on 02/03/1904. Please ensure the amount of $119462.55 is paid on time to avoid penalties.",,
119,FP,O,URL,Nikko,"Lowe, Wilkinson and Bahringer has been instrumental in deploying effective learning management systems. For further resources, access will be under Nikko.Prosacco-Padberg at https://awful-counsellor.com.",,
120,FP,O,URL,Prosacco,"Lowe, Wilkinson and Bahringer has been instrumental in deploying effective learning management systems. For further resources, access will be under Nikko.Prosacco-Padberg at https://awful-counsellor.com.",,
121,FP,O,URL,Luis,"Luis.Schiller, We've chosen Oliverfield as our next destination for the Nutrition & Dietetics Summit. More info at https://helpful-ladle.biz.",,
122,FP,O,URL,Schiller,"Luis.Schiller, We've chosen Oliverfield as our next destination for the Nutrition & Dietetics Summit. More info at https://helpful-ladle.biz.",,
123,FP,O,URL,Dr.,"Educational Leadership meeting on October 15, 1930. Speakers include Prof.Harris-Hand and Dr.Frami. Check out profiles using 756.9737.4237, 75682600366.",,
124,FP,O,URL,Frami,"Educational Leadership meeting on October 15, 1930. Speakers include Prof.Harris-Hand and Dr.Frami. Check out profiles using 756.9737.4237, 75682600366.",,
125,FP,O,URL,Kaitlyn,"Hello Kaitlyn.Huel, in order to proceed with your online course on Psychopharmacology, please confirm your payment of 0.000b to the given Bitcoin address: 1KjphCc8X96wFoEesEEKYE76VAyN.",,
126,FP,O,URL,Huel,"Hello Kaitlyn.Huel, in order to proceed with your online course on Psychopharmacology, please confirm your payment of 0.000b to the given Bitcoin address: 1KjphCc8X96wFoEesEEKYE76VAyN.",,
127,FP,O,URL,Lyric,"Mrs. Schneider, there is a trauma counseling conference on November 25, 1943 in Jackson. Make sure to book your tickets by logging in to https://repentant-servitude.net with username: Lyric.Kilback99 and password: fvPYmPk_IIjo.",,
128,FP,O,URL,Kilback99,"Mrs. Schneider, there is a trauma counseling conference on November 25, 1943 in Jackson. Make sure to book your tickets by logging in to https://repentant-servitude.net with username: Lyric.Kilback99 and password: fvPYmPk_IIjo.",,
129,FP,O,URL,Dulce,"While accessing the psychometric testing software, use the new password dBYUThm69H9C for your account Dulce.Connelly.",,
130,FP,O,URL,Connelly,"While accessing the psychometric testing software, use the new password dBYUThm69H9C for your account Dulce.Connelly.",,
131,FP,O,URL,Nicola,"Dear Nicola.Russel25, this is a confirmation upon receiving your request for initiating a wire transfer using your IBAN EE020081118718626200 and BIC PUNWGT5ZXXX. A total amount of 994.225k Afghani will be transferred from your account on 20/08/1965. Please verify these details.",,
132,FP,O,URL,Russel25,"Dear Nicola.Russel25, this is a confirmation upon receiving your request for initiating a wire transfer using your IBAN EE020081118718626200 and BIC PUNWGT5ZXXX. A total amount of 994.225k Afghani will be transferred from your account on 20/08/1965. Please verify these details.",,
133,FP,O,URL,Maggio,Your husband's lawyer requests access to Kennith.Maggio with X8VYiiUD_Fge. Please confirm.,,
134,FP,O,URL,Americo,"Hello Americo.Gusikowski-Bernier97, Here's the discussion transcript from our Clinical Psychology group meeting held on 6 AM, securely hosted at https://impossible-dramaturge.biz/.",,
135,FP,O,URL,Gusikowski,"Hello Americo.Gusikowski-Bernier97, Here's the discussion transcript from our Clinical Psychology group meeting held on 6 AM, securely hosted at https://impossible-dramaturge.biz/.",,
136,FP,O,URL,Imani,"Imani.Nolan16 here, an Global Intranet Orchestrator residing in Quebec. Unfortunately, I landed in strong financial crosswinds and am unable to pay off my credit card (5912797576245347) debt. Looking to declare bankruptcy.",,
137,FP,O,URL,Nolan16,"Imani.Nolan16 here, an Global Intranet Orchestrator residing in Quebec. Unfortunately, I landed in strong financial crosswinds and am unable to pay off my credit card (5912797576245347) debt. Looking to declare bankruptcy.",,
138,FP,O,URL,Javonte,"Spoke with Javonte.Becker81 about fears of leaving home for college. Ima_McGlynn, as an National Assurance Specialist from Rohan - Donnelly, offered practical tips.",,
139,FP,O,URL,Becker81,"Spoke with Javonte.Becker81 about fears of leaving home for college. Ima_McGlynn, as an National Assurance Specialist from Rohan - Donnelly, offered practical tips.",,
140,FP,O,URL,Tommie,"Tommie.Armstrong47,
We are considering a rebranding initiative for the Q2 of this year. Evaluate our brand image, equity, and positioning in comparison to McClure - Wuckert.Your full report is due by March 2, 1998 to Rosalinda_Crooks19@yahoo.com. Regards, Rashad.",,
141,FP,O,URL,Armstrong47,"Tommie.Armstrong47,
We are considering a rebranding initiative for the Q2 of this year. Evaluate our brand image, equity, and positioning in comparison to McClure - Wuckert.Your full report is due by March 2, 1998 to Rosalinda_Crooks19@yahoo.com. Regards, Rashad.",,
142,FP,O,URL,Wuckert,"Tommie.Armstrong47,
We are considering a rebranding initiative for the Q2 of this year. Evaluate our brand image, equity, and positioning in comparison to McClure - Wuckert.Your full report is due by March 2, 1998 to Rosalinda_Crooks19@yahoo.com. Regards, Rashad.",,
143,FP,O,URL,Kennith,"24/07/1987, is the final day to update your profiles in our nurses' directory. For any issues, please contact Kennith.Maggio.",,
144,FP,O,URL,Maggio,"24/07/1987, is the final day to update your profiles in our nurses' directory. For any issues, please contact Kennith.Maggio.",,
145,FP,O,URL,Mack,We'd like to inform you of changes to our billing process. You need to login to our site https://faithful-bench.name/ using your username Mack.Johns53.,,
146,FP,O,URL,Johns53,We'd like to inform you of changes to our billing process. You need to login to our site https://faithful-bench.name/ using your username Mack.Johns53.,,
147,FP,O,URL,Smitham,"Mr.Smitham, your health background data accessed from IP dcdc:de0b:eabf:7dbc:2579:1558:659a:62f6 is fully secure and used to provide personalized preventive medicine programs.",,
148,FP,O,URL,Alek,We maintain secure storage of medical records. Your record is encrypted with USERNAME 'Alek.Senger19' and only accessible with IPV4 address '191.189.254.67'. Please reach out for more information.,,
149,FP,O,URL,Senger19,We maintain secure storage of medical records. Your record is encrypted with USERNAME 'Alek.Senger19' and only accessible with IPV4 address '191.189.254.67'. Please reach out for more information.,,
150,FP,O,URL,Tiffany,"Dear Tiffany.Reinger, kindly ensure to provide your input on the PR documentation. It needs to be conveyed to Newell Murray by 8th January at 9 PM.",,
151,FP,O,URL,Reinger,"Dear Tiffany.Reinger, kindly ensure to provide your input on the PR documentation. It needs to be conveyed to Newell Murray by 8th January at 9 PM.",,
152,FP,O,URL,Miles,"The Director could be a key resource. Can you update this in our business model, Miles.Sanford69?",,
153,FP,O,URL,Sanford69,"The Director could be a key resource. Can you update this in our business model, Miles.Sanford69?",,
154,FP,O,URL,Arlie,"Hello Ceasar, please log into our online portal using Arlie.Morissette54 to access today's therapy session materials.",,
155,FP,O,URL,Morissette54,"Hello Ceasar, please log into our online portal using Arlie.Morissette54 to access today's therapy session materials.",,
156,FP,O,URL,Mertz,"Ever thought what cultural factors impact use of Crypto Wallets? Our very own Senior Metrics Architect Mr.Mertz has. A comprehensive study published on 24/12/1989, examines 3ZVYkkAwqg8qdLVnQd7X9yiDTYCw and LfVxm8dqQffpzCoJt6fmT7LGBFYXZgn use among residents of Ilenetown.",,
157,FP,O,URL,Titus,"As an industry professional in Usability, your insights are highly valuable for our curriculum development project. Please access our secure network using Titus.Gutmann68 and x3Ut6z7G0Ps9.",,
158,FP,O,URL,Gutmann68,"As an industry professional in Usability, your insights are highly valuable for our curriculum development project. Please access our secure network using Titus.Gutmann68 and x3Ut6z7G0Ps9.",,
159,FP,O,URL,Noemie,"Hello Human Brand Supervisor, based on Noemie.Beier51's therapy attendance and engagement, we need to reassess her ADHD treatment plan. I have sent an email with further details to Mckayla_Hills6@yahoo.com. By 17/04/1925, please provide an action-oriented report.",,
160,FP,O,URL,Wilber,"Wilber.Erdman, I'm Dr. Kai. Just wanted to inform you the surgical procedure you're going to have on April 8, 1996 requires general anesthesia. Our anesthesiologist will discuss this further with you prior to your surgery.",,
161,FP,O,URL,Erdman,"Wilber.Erdman, I'm Dr. Kai. Just wanted to inform you the surgical procedure you're going to have on April 8, 1996 requires general anesthesia. Our anesthesiologist will discuss this further with you prior to your surgery.",,
162,FP,O,URL,Tyrell,"User Tyrell.Bahringer0, we've detected unusual patterns of activity on your Investment Account account (79496068) which could mean that securities laws are being violated. For details, check https://imaginary-mariachi.biz.",,
163,FP,O,URL,Bahringer0,"User Tyrell.Bahringer0, we've detected unusual patterns of activity on your Investment Account account (79496068) which could mean that securities laws are being violated. For details, check https://imaginary-mariachi.biz.",,
164,FP,O,URL,Westley,"Dear coordinator, I'm Westley.Deckow74, a senior student in the Web major. I am very interested in your program. My contact is 221.72.48.127.",,
165,FP,O,URL,Deckow74,"Dear coordinator, I'm Westley.Deckow74, a senior student in the Web major. I am very interested in your program. My contact is 221.72.48.127.",,
166,FP,O,URL,Sigmund,"Good news, Sigmund.Russel. The ﷼0.300m payment for your mindfulness therapy has been confirmed.",,
167,FP,O,URL,Russel,"Good news, Sigmund.Russel. The ﷼0.300m payment for your mindfulness therapy has been confirmed.",,
168,FP,O,URL,Elda,"Hi Elda.Beatty, we are sending you this confirmation for your upcoming Existential Therapy session. Your Chief Brand Analyst can sometimes involve demanding hours, and we commend your decision to make time for your mental health. As a Liaison professional in Web, we understand that your appointments must adhere to your busy schedule.",,
169,FP,O,URL,Beatty,"Hi Elda.Beatty, we are sending you this confirmation for your upcoming Existential Therapy session. Your Chief Brand Analyst can sometimes involve demanding hours, and we commend your decision to make time for your mental health. As a Liaison professional in Web, we understand that your appointments must adhere to your busy schedule.",,
170,FP,O,URL,Christina,"Marlin Sawyer Hyatt, the mindfulness therapy video is ready to be played at https://helpful-tree.net. Use account Christina.Corwin with password fHAGhlegAXi1.",,
171,FP,O,URL,Corwin,"Marlin Sawyer Hyatt, the mindfulness therapy video is ready to be played at https://helpful-tree.net. Use account Christina.Corwin with password fHAGhlegAXi1.",,
172,FP,O,URL,Yvette,"Our PR focus is moving towards the Gwent region. Please contact our Identity lead, Yvette.Reilly, for any future communications.",,
173,FP,O,URL,Reilly,"Our PR focus is moving towards the Gwent region. Please contact our Identity lead, Yvette.Reilly, for any future communications.",,
174,FP,O,URL,Dominique,"Hi Dominique.Lubowitz46, Yoga is more than an exercise routine, it's a lifestyle. Join us for warm and relaxing yoga sessions at West Shayne.",,
175,FP,O,URL,Lubowitz46,"Hi Dominique.Lubowitz46, Yoga is more than an exercise routine, it's a lifestyle. Join us for warm and relaxing yoga sessions at West Shayne.",,
176,FP,O,URL,Dr.,Dr.Mraz will be performing Aaron's surgery. They are a renowned surgeon in this field with an overall success rate of 98.7 percent.,,
177,FP,O,URL,Mraz,Dr.Mraz will be performing Aaron's surgery. They are a renowned surgeon in this field with an overall success rate of 98.7 percent.,,
178,FP,O,URL,Oswaldo,We have received an update regarding the current status of Desmond for our upcoming child custody case. Could you please provide us the necessary permissions to gain access to the username: Oswaldo.Franey and password: 77t8SlgY9OD_ following our usual security process?,,
179,FP,O,URL,Franey,We have received an update regarding the current status of Desmond for our upcoming child custody case. Could you please provide us the necessary permissions to gain access to the username: Oswaldo.Franey and password: 77t8SlgY9OD_ following our usual security process?,,
180,FP,O,URL,Viva,"Our client, Viva.Lind, has a dispute regarding their secondary residence located at Suite 693. They need expert advice on local property law. Please browse the relevant state's property law documents using this secure link https://icy-macaroni.com and note your findings.",,
181,FP,O,URL,Lind,"Our client, Viva.Lind, has a dispute regarding their secondary residence located at Suite 693. They need expert advice on local property law. Please browse the relevant state's property law documents using this secure link https://icy-macaroni.com and note your findings.",,
182,FP,O,URL,Reinhold,"Reinhold.Gislason, could you please send me the psychometric test results to Titus_Gibson7@hotmail.com?",,
183,FP,O,URL,Gislason,"Reinhold.Gislason, could you please send me the psychometric test results to Titus_Gibson7@hotmail.com?",,
184,FP,O,URL,Jace,"Hello Augusta, the e-books borrowed with Jace.Nicolas at https://belated-oldie.org/ are due tomorrow. Remember to renew or return them on time to avoid fines.",,
185,FP,O,URL,Nicolas,"Hello Augusta, the e-books borrowed with Jace.Nicolas at https://belated-oldie.org/ are due tomorrow. Remember to renew or return them on time to avoid fines.",,
186,FP,O,URL,Xander,"As our valued therapy participant Xander.Jones23, your opinions matter to us. Kindly take a moment to fill out the anonymous survey sent to your registered email Magnolia.Dare6@gmail.com.",,
187,FP,O,URL,Jones23,"As our valued therapy participant Xander.Jones23, your opinions matter to us. Kindly take a moment to fill out the anonymous survey sent to your registered email Magnolia.Dare6@gmail.com.",,
188,FP,O,URL,Reina,"Reina.Skiles, as you're aware, will be handling our engagement strategy in coordination with Mueller - Steuber based in Saarland. Should you need to contact him, please use the following number: 007.791-4941.",,
189,FP,O,URL,Skiles,"Reina.Skiles, as you're aware, will be handling our engagement strategy in coordination with Mueller - Steuber based in Saarland. Should you need to contact him, please use the following number: 007.791-4941.",,
190,FP,O,URL,Emmet,"Emmet.Sauer83, your key task as Specialist this week: effective management of vendors across Staffordshire.",,
191,FP,O,URL,Sauer83,"Emmet.Sauer83, your key task as Specialist this week: effective management of vendors across Staffordshire.",,
192,FP,O,URL,Wallace,"The account 03027425 of company 'Wolf, Rodriguez and McCullough' has been suspended following the insolvency hearings. Legal team please review the case and note Wallace.Sanford is the point of contact.",,
193,FP,O,URL,Sanford,"The account 03027425 of company 'Wolf, Rodriguez and McCullough' has been suspended following the insolvency hearings. Legal team please review the case and note Wallace.Sanford is the point of contact.",,
194,FP,O,URL,Amiya,"Hello Mr.Amiya, we need your expertise in optimizing our Metrics budget, especially with the new changes in Bechtelarstead. We forecast around K797k spends, detailed report needed by 1992-02-20T14:54:47.226Z",,
195,FP,O,URL,Louie,I've had a discussion with Louie.Sawayn regarding his demeanor in class. I'd like to schedule a meeting with his parents to discuss our observations and next steps. Please reach out to them on +33 78 368-1200.,,
196,FP,O,URL,Sawayn,I've had a discussion with Louie.Sawayn regarding his demeanor in class. I'd like to schedule a meeting with his parents to discuss our observations and next steps. Please reach out to them on +33 78 368-1200.,,
197,FP,O,URL,Soledad,Currently logged in to our Distance Learning Platform with IP address 19.136.177.142 and user account Soledad.Douglas. Please remember to always maintain internet connection stability for a smooth learning process.,,
198,FP,O,URL,Douglas,Currently logged in to our Distance Learning Platform with IP address 19.136.177.142 and user account Soledad.Douglas. Please remember to always maintain internet connection stability for a smooth learning process.,,
199,FP,O,URL,Trent,"As Neuropsychology students, we should join https://amusing-humidity.net forum. It's my Trent.Cartwright there. Let's find out more about how 17 years old impacts cognitive function.",,
200,FP,O,URL,Cartwright,"As Neuropsychology students, we should join https://amusing-humidity.net forum. It's my Trent.Cartwright there. Let's find out more about how 17 years old impacts cognitive function.",,
201,FP,O,URL,Forest,"Forest.Cruickshank24, the article you shared from https://grave-vegetation.info/ on biobanking ethics was informative, particularly concerns of pseudonymized data (75659305114 and other contact). Shall we have a Team discussion next Monday?",,
202,FP,O,URL,Cruickshank24,"Forest.Cruickshank24, the article you shared from https://grave-vegetation.info/ on biobanking ethics was informative, particularly concerns of pseudonymized data (75659305114 and other contact). Shall we have a Team discussion next Monday?",,
203,FP,O,URL,Shania,"Dear Shania.Towne, accepting an invite to attend an international neuropsychology symposium https://noteworthy-dysfunction.biz/. Please confirm if you can join and contribute with your expertise.",,
204,FP,O,URL,Ena,"Hello, this message reminds you about an upcoming ASD therapy event in West Garfield on 13th December at 04:52. To confirm your participation, please review the details at our website https://well-informed-sting.net using your username Ena.Russel.",,
205,FP,O,URL,Russel,"Hello, this message reminds you about an upcoming ASD therapy event in West Garfield on 13th December at 04:52. To confirm your participation, please review the details at our website https://well-informed-sting.net using your username Ena.Russel.",,
206,FP,O,URL,Alek,"In order to significantly strengthen Theodoreport corporate governance, Alek.Senger19 of Rosenbaum and Sons plans to implement various measures visible through our https://colossal-deviation.com/. However, we strongly recommend accessing through Mozilla/5.0 (X11; Linux i686 AppleWebKit/534.2.0 (KHTML, like Gecko) Chrome/18.0.847.0 Safari/534.2.0 only.",,
207,FP,O,URL,Senger19,"In order to significantly strengthen Theodoreport corporate governance, Alek.Senger19 of Rosenbaum and Sons plans to implement various measures visible through our https://colossal-deviation.com/. However, we strongly recommend accessing through Mozilla/5.0 (X11; Linux i686 AppleWebKit/534.2.0 (KHTML, like Gecko) Chrome/18.0.847.0 Safari/534.2.0 only.",,
208,FP,O,URL,Doug,Our global website just got updated! Check it out at https://dizzy-revascularisation.name. Please email any feedback or queries to Doug.Murray75. We're making progress!,,
209,FP,O,URL,Murray75,Our global website just got updated! Check it out at https://dizzy-revascularisation.name. Please email any feedback or queries to Doug.Murray75. We're making progress!,,
210,FP,O,URL,Haskell,17:17 - Completed a psychological assessment for Haskell.Bergstrom54. Patient exhibits several anxiety symptoms.,,
211,FP,O,URL,Bergstrom54,17:17 - Completed a psychological assessment for Haskell.Bergstrom54. Patient exhibits several anxiety symptoms.,,
212,FP,O,URL,Katelyn,Psychoeducation materials are available for download at https://shoddy-void.net/. Please log in using Katelyn.Brown.,,
213,FP,O,URL,Brown,Psychoeducation materials are available for download at https://shoddy-void.net/. Please log in using Katelyn.Brown.,,
214,FP,O,URL,Prosacco,"Hello Dr.Prosacco, thanks to the latest reform, we now have increased funding for Security education in public schools in South Yorkshire. The new budget plans will be implemented from 27/11/2020",,
215,FP,O,URL,Mariah,We have received amazing art paintings from New Everetthaven. Let's set up an online gallery at https://meaty-lie.info to showcase our student's work. Can you help us with this @ Mariah.Beatty12?,,
216,FP,O,URL,Beatty12,We have received amazing art paintings from New Everetthaven. Let's set up an online gallery at https://meaty-lie.info to showcase our student's work. Can you help us with this @ Mariah.Beatty12?,,
217,FP,O,URL,Cortney,"Hello, this is Cortney.Romaguera-Lindgren76. My account seems to be locked. I was having trouble with the oujbTb9wvHbi and now I can't get into my educational e-portal. Need assistance!",,
218,FP,O,URL,Romaguera,"Hello, this is Cortney.Romaguera-Lindgren76. My account seems to be locked. I was having trouble with the oujbTb9wvHbi and now I can't get into my educational e-portal. Need assistance!",,
219,FP,O,URL,Edyth,"To Mr. Connelly, Edyth.Marquardt has been allocated 29868 locker for the school year. The combination is 7777. Please remind them not to share this info.",,
220,FP,O,URL,Marquardt,"To Mr. Connelly, Edyth.Marquardt has been allocated 29868 locker for the school year. The combination is 7777. Please remind them not to share this info.",,
221,FP,O,URL,Marilie,"Dear Mr., my name is Marilie.Rolfson from Powlowski - Klocko in South Hildafurt, Texas. We're conducting a psycho-oncology research. As a Internal Operations Manager, your insights would be invaluable. We would appreciate your participation.",,
222,FP,O,URL,Rolfson,"Dear Mr., my name is Marilie.Rolfson from Powlowski - Klocko in South Hildafurt, Texas. We're conducting a psycho-oncology research. As a Internal Operations Manager, your insights would be invaluable. We would appreciate your participation.",,
223,FP,O,URL,Satterfield.com,"Mr. Ryan, given your experience as a Consultant and position as Product Marketing Representative, we believe your insights on adolescent psychology would be beneficial for our research. Please share your ideas at Austen.Zulauf@Jenkins, Lubowitz and Satterfield.com",,
224,FP,O,URL,Joany,"Joany.Bayer86, did you know Tai Chi can help in overall well-being? Join us for Tai chi classes at our wellness center in Kent.",,
225,FP,O,URL,Bayer86,"Joany.Bayer86, did you know Tai Chi can help in overall well-being? Join us for Tai chi classes at our wellness center in Kent.",,
226,FP,O,URL,Dangelo,Dangelo.Mertz connected to IP 273a:fe4c:c0cd:a1bf:cc3d:f7c6:6b2c:38ce carried out illegal acts on https://hard-to-find-equation.org/. Cyber law actions have been initiated.,,
227,FP,O,URL,Mertz,Dangelo.Mertz connected to IP 273a:fe4c:c0cd:a1bf:cc3d:f7c6:6b2c:38ce carried out illegal acts on https://hard-to-find-equation.org/. Cyber law actions have been initiated.,,
228,FP,O,URL,Austin,"Mrs.Austin, for your health psychology appointment at 9:49 PM, your balance total was East Caribbean Dollar. Payment will be processed through your Litecoin account: LUtS6wLZkayPVQnHcycVRHc6KD.",,
229,FP,O,URL,Charlie,"Ms.Charlie, we received your payment for the health psychology session through the Bitcoin account: 3y8Vv7RoxEipQ1xJCNVS61SkDSx. Reply this email if you didn't authorize for this.",,
230,FP,O,URL,diet.plan,"Hermina, I've reviewed your recorded data via your unique identifier af28:0122:1ea4:d3fe:5e07:9ca9:15a3:6f49. I'm adjusting the diet.plan accordingly. It's important you stay honest to your diet plan for the best results.",,
231,FP,O,URL,Diamond,The curriculum plan shared on 20/11/1972 looks good. Special mention to Diamond.Lang21 for the resources via IP 13.63.144.35.,,
232,FP,O,URL,Lang21,The curriculum plan shared on 20/11/1972 looks good. Special mention to Diamond.Lang21 for the resources via IP 13.63.144.35.,,
233,FP,O,URL,Tyrese,"Tyrese.Lynch12, we're pleased to inform you that we secured vaccine doses for 68 years old seniors, living in your area Sicily. To apply for our vaccination program, we need you to confirm your 07/07/1972 please.",,
234,FP,O,URL,Lynch12,"Tyrese.Lynch12, we're pleased to inform you that we secured vaccine doses for 68 years old seniors, living in your area Sicily. To apply for our vaccination program, we need you to confirm your 07/07/1972 please.",,
235,FP,O,URL,Joelle,"Dear Joelle.Stehr80, for the security of your account, please change your password to lOmZwQIADGvj. This is to ensure that your account remains safe after a possible data breach occurred recently.",,
236,FP,O,URL,Stehr80,"Dear Joelle.Stehr80, for the security of your account, please change your password to lOmZwQIADGvj. This is to ensure that your account remains safe after a possible data breach occurred recently.",,
237,FP,O,URL,Veum,"Hi Mrs.Veum, I'm working on last month's student assessments. Can you provide the vehicle details for the DF0HMVCZ4RVX78304 associated with one of the students? It's for an ongoing investigation.",,
238,FP,O,URL,Axel,You have an appointment with endocrinology specialist Ms.Axel for a regular check-in. Location: medical suite Apt. 981.,,
239,FP,O,URL,Lindsey,Login to our webinar on child's self-esteem development with Alfred using Lindsey.Rowe2 and Rb6W9SXbuDt9 on https://necessary-biscuit.info.,,
240,FP,O,URL,Rowe2,Login to our webinar on child's self-esteem development with Alfred using Lindsey.Rowe2 and Rb6W9SXbuDt9 on https://necessary-biscuit.info.,,
241,FP,O,URL,Treutel,"Good day Ms.Treutel, you've a pending preventive medicine appointment. Could you please confirm the day and time that's convenient to you?",,
242,FP,O,URL,Roderick,"Your scheduled appointment with our consultant at [54.1755,117.9796] has been confirmed. Login at https://wonderful-ingrate.net using Roderick.Schinner41 and Ur3hPJUavTOD.",,
243,FP,O,URL,Schinner41,"Your scheduled appointment with our consultant at [54.1755,117.9796] has been confirmed. Login at https://wonderful-ingrate.net using Roderick.Schinner41 and Ur3hPJUavTOD.",,
244,FP,O,URL,Rebeka,Please update our system with the new 37154321 under the new merged entity Upton Group with the updated credentials Rebeka.Reichert and 9UwooPh2K87g.,,
245,FP,O,URL,Reichert,Please update our system with the new 37154321 under the new merged entity Upton Group with the updated credentials Rebeka.Reichert and 9UwooPh2K87g.,,
246,FP,O,URL,Peggie,"Dear Peggie.Kirlin52, Your patent submission #9033621111031651 was found to be too analogous to an existing patent. We suggest a revision.",,
247,FP,O,URL,Kirlin52,"Dear Peggie.Kirlin52, Your patent submission #9033621111031651 was found to be too analogous to an existing patent. We suggest a revision.",,
248,FP,O,URL,Rutherford.com,"The registration fee for the health education specialist course is kr582k. Please share the receipt at accounting@Pfeffer, Beer and Rutherford.com.",,
249,FP,O,URL,Lauren,"Regarding Lauren.Becker83's contract, the vehicle registration number QF25VPG provided doesn't match our existing records. This needs to be addressed immediately.",,
250,FP,O,URL,Becker83,"Regarding Lauren.Becker83's contract, the vehicle registration number QF25VPG provided doesn't match our existing records. This needs to be addressed immediately.",,
251,FP,O,URL,Maximillia,"Please deliver Tia56's Global Education certificate to Suite 365. Our courier will collect it from 901. Remember, Maximillia.Auer33 will verify them before delivery.",,
252,FP,O,URL,Auer33,"Please deliver Tia56's Global Education certificate to Suite 365. Our courier will collect it from 901. Remember, Maximillia.Auer33 will verify them before delivery.",,
253,FP,O,URL,Edison,Edison.Mills is my new alias on various health forums. I am aspiring to be a Senior Metrics Architect in alternative medicine. Please do connect!,,
254,FP,O,URL,Mills,Edison.Mills is my new alias on various health forums. I am aspiring to be a Senior Metrics Architect in alternative medicine. Please do connect!,,
255,FP,O,URL,Edison,"Hello Edison.Auer56, please examine the current epidemiology data from Warren County and release a report on the disease patterns.",,
256,FP,O,URL,Auer56,"Hello Edison.Auer56, please examine the current epidemiology data from Warren County and release a report on the disease patterns.",,
257,FP,O,URL,Addie,"An update on client Addie.Becker47. During the last session, she showed an improvement in her mental state. More sessions are scheduled over the next 41 years. For more details, contact the office at the +818 073.751 1911.",,
258,FP,O,URL,Becker47,"An update on client Addie.Becker47. During the last session, she showed an improvement in her mental state. More sessions are scheduled over the next 41 years. For more details, contact the office at the +818 073.751 1911.",,
259,FP,O,URL,01459.Any,"Male, 62 years old, complained about network issues from 01459.Any details on this?",,
260,FP,O,URL,Collins,"Mrs.Collins, we have scheduled a psychoeducation session for Male aged 91 years years. It will be held on 24/05/1943 at 1:46am. IP address to join the meeting is 24.247.108.187.",,
261,FP,O,URL,Eulah,"Dr.Eulah, radiology consultation confirmed. Visiting via RW26LPM or TMWRX0M38VS222529 suggested. Parking details to come via dbcb:d2af:6adc:98d7:0708:03b4:ffdf:cd6a.",,
262,FP,O,URL,Donnie,"Hello Mrs. Von, we've seen an uptick in activity from 26ef:febf:e9d2:f3ae:ae39:cc83:cd99:deff which corresponds to user Donnie.McGlynn23. If this wasn't you, please confirm so we can take appropriate action.",,
263,FP,O,URL,McGlynn23,"Hello Mrs. Von, we've seen an uptick in activity from 26ef:febf:e9d2:f3ae:ae39:cc83:cd99:deff which corresponds to user Donnie.McGlynn23. If this wasn't you, please confirm so we can take appropriate action.",,
264,FP,O,URL,Dr.,"To Aditya, your specialist, Dr.Schuster, will be available for consultation tomorrow. He specializes in Endocrinology. You can get in touch with him via this email: Heather_Baumbach@yahoo.com.",,
265,FP,O,URL,Schuster,"To Aditya, your specialist, Dr.Schuster, will be available for consultation tomorrow. He specializes in Endocrinology. You can get in touch with him via this email: Heather_Baumbach@yahoo.com.",,
266,FP,O,URL,Elsie,"Remember to secure the Constitutional Law archives with the new password aBZ9ikUfRkKR. For any technical issues, please refer to Elsie.Mohr.",,
267,FP,O,URL,Mohr,"Remember to secure the Constitutional Law archives with the new password aBZ9ikUfRkKR. For any technical issues, please refer to Elsie.Mohr.",,
268,FP,O,URL,Justus,"Justus.Gutmann20, do you think your contribution in psycho-oncology could benefit most from focusing on Applications topics? We look forward to your insights.",,
269,FP,O,URL,Gutmann20,"Justus.Gutmann20, do you think your contribution in psycho-oncology could benefit most from focusing on Applications topics? We look forward to your insights.",,
270,FP,O,URL,Peggie,"We noticed you submitted your coursework for the Markets module on July 25, 1964, Peggie.Murazik.",,
271,FP,O,URL,Murazik,"We noticed you submitted your coursework for the Markets module on July 25, 1964, Peggie.Murazik.",,
272,FP,O,URL,Hazel,"Dear Shanel, Your application for the Arts in Education program was received on March 22, 1917. Please proceed to our site https://crushing-jogging.biz using username Hazel.Donnelly and password LaAi47uDeuL6 to complete the required assessments.",,
273,FP,O,URL,Donnelly,"Dear Shanel, Your application for the Arts in Education program was received on March 22, 1917. Please proceed to our site https://crushing-jogging.biz using username Hazel.Donnelly and password LaAi47uDeuL6 to complete the required assessments.",,
